{"cameraMode":{"drawMode":0,"name":"Shaded","section":"Shading Mode"},"sceneLighting":true,"audioPlay":false,"sceneViewState":{"showFog":true,"showMaterialUpdate":false,"showSkybox":true,"showFlares":true,"showImageEffects":true,"showParticleSystems":true},"in2DMode":false,"pivot":{"x":3.3444314002990724,"y":6.349010467529297,"z":1.3627204895019532},"rotation":{"x":0.20729279518127442,"y":0.005864129867404699,"z":-0.0012471979716792703,"w":0.9782629013061523},"size":32.21776580810547,"orthographic":false}